"%1 update available","%1 update available"
"%1 updates available","%1 updates available"
"1 update available","1 update available"
"About %1","About %1"
"Activate","Activate"
"ADD-ONS","ADD-ONS"
"All","All"
"available","available"
"Can't connect to license server.","Can't connect to license server."
"Checking license…","Checking license…"
"Close","Close"
"Copy license key","Copy license key"
"Core","Core"
"CORE","CORE"
"Deactivate","Deactivate"
"Development license","Development license"
"Development license detected. Please do not use for production.","Development license detected. Please do not use for production."
"Dictionary successfully processed.","Dictionary successfully processed."
"Docs","Docs"
"Don't have a license?","Don't have a license?"
"Enter your license serial number","Enter your license serial number"
"Filter modules","Filter modules"
"Get one","Get one"
"Installed","Installed"
"License active","License active"
"License inactive","License inactive"
"License successfully activated.","License successfully activated."
"License successfully deactivated!","License successfully deactivated!"
"Loading…","Loading…"
"MageMe Extensions","MageMe Extensions"
"Non-production","Non-production"
"Not installed","Not installed"
"Open my licenses","Open my licenses"
"Please activate license","Please activate license"
"Please activate your license for:","Please activate your license for:"
"Renew support & updates","Renew support & updates"
"Since %1","Since %1"
"Support","Support"
"Support & updates active","Support & updates active"
"Support expired","Support expired"
"Toggle add-ons","Toggle add-ons"
"Unable to read file: %1","Unable to read file: %1"
"Unexpected license server response.","Unexpected license server response."
"Unlock the Pro version: advanced features and priority support.","Unlock the Pro version: advanced features and priority support."
"Until %1","Until %1"
"Updates","Updates"
"Updates available for this product","Updates available for this product"
"Upgrade to Pro","Upgrade to Pro"
"You can renew it from your account at %1","You can renew it from your account at %1"
"Your support window expired on %1.","Your support window expired on %1."
